{
  "change_points_by_metric": {
    "density": {
      "series": [
        0.9523809523809523,
        0.8571428571428571,
        0.8095238095238095,
        0.8809523809523809,
        0.9285714285714286,
        0.9047619047619048,
        1.0,
        0.9761904761904762,
        0.9047619047619048,
        0.9285714285714286,
        0.9523809523809523
      ],
      "diffs": [
        -0.09523809523809523,
        -0.04761904761904756,
        0.0714285714285714,
        0.04761904761904767,
        -0.023809523809523836,
        0.09523809523809523,
        -0.023809523809523836,
        -0.0714285714285714,
        0.023809523809523836,
        0.023809523809523725
      ],
      "threshold": 0.11857047236179744,
      "change_points": []
    },
    "total_weight": {
      "series": [
        2236.0,
        689.0,
        1171.0,
        1198.0,
        1640.0,
        1333.0,
        3064.0,
        4548.0,
        4629.0,
        7382.0,
        12380.0
      ],
      "diffs": [
        -1547.0,
        482.0,
        27.0,
        442.0,
        -307.0,
        1731.0,
        1484.0,
        81.0,
        2753.0,
        4998.0
      ],
      "threshold": 3486.545132362408,
      "change_points": [
        {
          "window": 10,
          "prev_value": 7382.0,
          "curr_value": 12380.0,
          "abs_change": 4998.0,
          "threshold": 3486.545132362408
        }
      ]
    },
    "avg_weighted_degree": {
      "series": [
        638.8571428571429,
        196.85714285714286,
        334.57142857142856,
        342.2857142857143,
        468.57142857142856,
        380.85714285714283,
        875.4285714285714,
        1299.4285714285713,
        1322.5714285714287,
        2109.1428571428573,
        3537.1428571428573
      ],
      "diffs": [
        -442.0,
        137.7142857142857,
        7.714285714285722,
        126.28571428571428,
        -87.71428571428572,
        494.5714285714286,
        423.9999999999999,
        23.142857142857338,
        786.5714285714287,
        1428.0
      ],
      "threshold": 996.1557521035452,
      "change_points": [
        {
          "window": 10,
          "prev_value": 2109.1428571428573,
          "curr_value": 3537.1428571428573,
          "abs_change": 1428.0,
          "threshold": 996.1557521035452
        }
      ]
    },
    "reciprocity": {
      "series": [
        0.95,
        0.8333333333333334,
        0.8823529411764706,
        0.8648648648648649,
        0.9230769230769231,
        0.8947368421052632,
        1.0,
        0.975609756097561,
        0.9473684210526315,
        0.9230769230769231,
        1.0
      ],
      "diffs": [
        -0.11666666666666659,
        0.04901960784313719,
        -0.01748807631160565,
        0.058212058212058215,
        -0.028340080971659964,
        0.10526315789473684,
        -0.024390243902439046,
        -0.028241335044929428,
        -0.024291497975708398,
        0.07692307692307687
      ],
      "threshold": 0.1252863852746675,
      "change_points": []
    },
    "clustering": {
      "series": [
        0.10529804419554792,
        0.12082808928565354,
        0.06941250761284964,
        0.06310810050157854,
        0.04692410738128617,
        0.07248336575819948,
        0.1377285759894273,
        0.10441187730188804,
        0.07333773992458241,
        0.045071182316378314,
        0.041714033519370246
      ],
      "diffs": [
        0.015530045090105624,
        -0.0514155816728039,
        -0.006304407111271101,
        -0.016183993120292374,
        0.025559258376913314,
        0.06524521023122783,
        -0.03331669868753927,
        -0.031074137377305633,
        -0.028266557608204096,
        -0.003357148797008068
      ],
      "threshold": 0.06504830567929351,
      "change_points": [
        {
          "window": 6,
          "prev_value": 0.07248336575819948,
          "curr_value": 0.1377285759894273,
          "abs_change": 0.06524521023122783,
          "threshold": 0.06504830567929351
        }
      ]
    },
    "n_strongly_connected": {
      "series": [
        1.0,
        1.0,
        1.0,
        1.0,
        1.0,
        1.0,
        1.0,
        1.0,
        1.0,
        1.0,
        1.0
      ],
      "diffs": [
        0.0,
        0.0,
        0.0,
        0.0,
        0.0,
        0.0,
        0.0,
        0.0,
        0.0,
        0.0
      ],
      "threshold": Infinity,
      "change_points": []
    },
    "degree_assortativity": {
      "series": [
        -0.06666666666665429,
        -0.278487054112572,
        -0.31640966293496314,
        -0.1980719756367318,
        -0.16124515496596478,
        -0.14457831325300968,
        0.0,
        -0.1388888888889071,
        -0.3162650602409584,
        -0.1999999999999896,
        -0.3333333333333333
      ],
      "diffs": [
        -0.21182038744591775,
        -0.037922608822391124,
        0.11833768729823135,
        0.03682682067076701,
        0.0166668417129551,
        0.14457831325300968,
        -0.1388888888889071,
        -0.1773761713520513,
        0.1162650602409688,
        -0.1333333333333437
      ],
      "threshold": 0.25122369040281856,
      "change_points": []
    },
    "modularity": {
      "series": [
        0.29632961684070397,
        0.28542975768925327,
        0.19516919345322958,
        0.2622675940145094,
        0.2734793277810827,
        0.28452508851143765,
        0.25328879253045555,
        0.21075224479392685,
        0.24721011052966582,
        0.1899837402056053,
        0.11542405150837376
      ],
      "diffs": [
        -0.010899859151450697,
        -0.09026056423602369,
        0.0670984005612798,
        0.011211733766573306,
        0.011045760730354959,
        -0.0312362959809821,
        -0.04253654773652871,
        0.036457865735738976,
        -0.05722637032406053,
        -0.07455968869723154
      ],
      "threshold": 0.09527065840856945,
      "change_points": []
    }
  },
  "all_change_point_windows": [
    6,
    10
  ],
  "stance_analysis_at_changepoints": {
    "window_6": {
      "change_point_window": 6,
      "pre_windows_used": [
        4,
        5
      ],
      "post_windows_used": [
        6,
        7
      ],
      "group_details": {
        "group0": {
          "label": "共和党",
          "pre_mean": 0.6965324878692627,
          "post_mean": 0.5590451955795288,
          "delta": -0.1374872922897339,
          "direction": "↓"
        },
        "group1": {
          "label": "民主党",
          "pre_mean": 0.1885274350643158,
          "post_mean": 0.19054009020328522,
          "delta": 0.0020126551389694214,
          "direction": "—"
        },
        "group2": {
          "label": "民主党",
          "pre_mean": 0.3258422017097473,
          "post_mean": 0.3024817705154419,
          "delta": -0.02336043119430542,
          "direction": "↓"
        },
        "group3": {
          "label": "共和党",
          "pre_mean": 0.7583487629890442,
          "post_mean": 0.7803084850311279,
          "delta": 0.02195972204208374,
          "direction": "↑"
        },
        "group4": {
          "label": "共和党",
          "pre_mean": 0.680670440196991,
          "post_mean": 0.6125458478927612,
          "delta": -0.06812459230422974,
          "direction": "↓"
        },
        "group5": {
          "label": "民主党",
          "pre_mean": 0.0649360716342926,
          "post_mean": 0.3785024881362915,
          "delta": 0.3135664165019989,
          "direction": "↑"
        },
        "group6": {
          "label": "民主党",
          "pre_mean": 0.27241408824920654,
          "post_mean": 0.20011284947395325,
          "delta": -0.0723012387752533,
          "direction": "↓"
        }
      },
      "avg_delta_democrat": 0.0549793466925621,
      "avg_delta_republican": -0.06121738627552986,
      "polarization_change": -0.11619673296809196
    },
    "window_10": {
      "change_point_window": 10,