{
  "degroot": {
    "mae": 0.1485499143600464,
    "rmse": 0.1866806298494339,
    "predictions": [
      [
        0.7256563901901245,
        0.7180330157279968,
        0.525152862071991,
        0.6785749793052673,
        0.494939386844635,
        0.6882133483886719,
        0.6883541941642761,
        0.4766831398010254,
        0.4210135340690613,
        0.4209047257900238
      ],
      [
        0.5502873659133911,
        0.496654212474823,
        0.3921979069709778,
        0.493327260017395,
        0.36962583661079407,
        0.5039348006248474,
        0.46996939182281494,
        0.34796497225761414,
        0.28921961784362793,
        0.2574702501296997
      ],
      [
        0.46772515773773193,
        0.3286256790161133,
        0.2697555422782898,
        0.3420826494693756,
        0.2888510227203369,
        0.30822667479515076,
        0.30439436435699463,
        0.1998259276151657,
        0.13166654109954834,
        0.08552584052085876
      ],
      [
        0.6512515544891357,
        0.5946929454803467,
        0.6332781314849854,
        0.5905038118362427,
        0.5461403131484985,
        0.5956922769546509,
        0.5310028791427612,
        0.4326574504375458,
        0.44637590646743774,
        0.39935949444770813
      ],
      [
        0.7411747574806213,
        0.6428680419921875,
        0.6368914246559143,
        0.7230362892150879,
        0.5399416089057922,
        0.6982894539833069,
        0.5990855097770691,
        0.4761059284210205,
        0.47850513458251953,
        0.4028949737548828
      ],
      [
        0.41611921787261963,
        0.41777509450912476,
        0.35204899311065674,
        0.3402545154094696,
        0.3361547291278839,
        0.39548295736312866,
        0.36269986629486084,
        0.2903461754322052,
        0.24245299398899078,
        0.21390514075756073
      ],
      [
        0.39713138341903687,
        0.42767462134361267,
        0.327330082654953,
        0.2784329056739807,
        0.3362261950969696,
        0.339472234249115,
        0.36428141593933105,
        0.2778533399105072,
        0.23279044032096863,
        0.21379849314689636
      ]
    ],
    "actual": [
      [
        0.6504998207092285,
        0.798980712890625,
        0.7877825498580933,
        0.6328018307685852,
        0.760263204574585,
        0.5885794758796692,
        0.5295108556747437,
        0.5881303548812866,
        0.47800323367118835,
        0.4735126197338104
      ],
      [
        0.4482128918170929,
        0.13903239369392395,
        0.04420336335897446,
        0.3160301446914673,
        0.0610247403383255,
        0.3093561828136444,
        0.07172399014234543,
        0.010007470846176147,
        0.0,
        0.09336702525615692
      ],
      [
        0.3906670808792114,
        0.3099263608455658,
        0.25002890825271606,
        0.30158522725105286,
        0.3500991761684418,
        0.3270931839942932,
        0.2778703570365906,
        0.22420015931129456,
        0.21316556632518768,
        0.26796120405197144
      ],
      [
        1.0,
        0.6034327745437622,
        0.9494101405143738,
        0.5979849100112915,
        0.9187126159667969,
        0.9607577323913574,
        0.5998591780662537,
        0.5347221493721008,
        0.5179005265235901,
        0.585641086101532
      ],
      [
        0.6671013236045837,
        0.7654919028282166,
        0.6624553203582764,
        0.6137716770172119,
        0.74756920337677,
        0.6535789370536804,
        0.5715126991271973,
        0.5587151050567627,
        0.6443142294883728,
        0.6517524719238281
      ],
      [
        0.09157349914312363,
        0.08323388546705246,
        0.1911584436893463,
        0.09029475599527359,
        0.03957739472389221,
        0.36231565475463867,
        0.39468929171562195,
        0.3150170147418976,
        0.3162980377674103,
        0.3252122402191162
      ],
      [
        0.21141232550144196,
        0.22962798178195953,
        0.38779008388519287,
        0.21577763557434082,
        0.32905057072639465,
        0.22757074236869812,
        0.17265494167804718,
        0.08283558487892151,
        0.01801605150103569,
        0.07832945138216019
      ]
    ]
  },
  "friedkin_johnsen": {
    "mae": 0.14378489553928375,
    "rmse": 0.18725840747356415,
    "alpha": [
      0.6450108289718628,
      0.38186657428741455,
      0.9317989349365234,
      0.05000000074505806,
      0.9080539345741272,
      0.5252909660339355,
      0.5964502096176147
    ],
    "predictions": [
      [
        0.7577545046806335,
        0.7550482749938965,
        0.6865779161453247,
        0.7410410642623901,
        0.6758524179458618,
        0.7444626092910767,
        0.7445126175880432,
        0.6693716645240784,
        0.6496095657348633,
        0.6495709419250488
      ],
      [
        0.4878830313682556,
        0.4547306001186371,
        0.3901626467704773,
        0.45267409086227417,
        0.37621012330055237,
        0.4592309594154358,
        0.4382357895374298,
        0.3628208041191101,
        0.3265083432197571,
        0.30688297748565674
      ],
      [
        0.33437982201576233,
        0.3248930871486664,
        0.3208780884742737,
        0.32581084966659546,
        0.3221804201602936,
        0.323501855134964,
        0.3232404887676239,
        0.3161087930202484,
        0.3114602565765381,
        0.30831339955329895
      ],
      [
        0.6681639552116394,
        0.614433228969574,
        0.6510891914367676,
        0.6104536056518555,
        0.5683082938194275,
        0.6153826713562012,
        0.5539277195930481,
        0.46049952507019043,
        0.4735320806503296,
        0.42886650562286377
      ],
      [
        0.6475416421890259,
        0.6385027766227722,
        0.6379532217979431,
        0.6458739042282104,
        0.6290390491485596,
        0.6435985565185547,
        0.6344771385192871,
        0.6231696605682373,
        0.623390257358551,
        0.6164381504058838
      ],
      [
        0.4197043478488922,
        0.42049041390419006,
        0.38928964734077454,
        0.3836906850337982,
        0.38174447417259216,
        0.40990814566612244,
        0.3943457007408142,
        0.35999876260757446,
        0.33726343512535095,
        0.3237115144729614
      ],
      [
        0.4249824583530426,
        0.4373081922531128,
        0.39681416749954224,
        0.3770817220211029,
        0.4004041850566864,
        0.40171411633491516,
        0.41172584891319275,
        0.3768478333950043,
        0.3586626946926117,
        0.35099852085113525
      ]
    ],