{
  "meta": {
    "num_groups": 7,
    "num_windows": 11,
    "ts_per_window": 5,
    "group_labels": {
      "group0": 1,
      "group1": 0,
      "group2": 0,
      "group3": 1,
      "group4": 1,
      "group5": 0,
      "group6": 0
    }
  },
  "stance_summary": {
    "same_stance": {
      "n_pairs": 18,
      "mean_pearson_r": 0.05793371402515873,
      "mean_spearman_r": 0.09282432373823023,
      "std_pearson_r": 0.1841889033073791
    },
    "cross_stance": {
      "n_pairs": 24,
      "mean_pearson_r": -0.029777193738807804,
      "mean_spearman_r": -0.07123513644437703,
      "std_pearson_r": 0.28624733858038565
    }
  },
  "hypotheses": {
    "H1_cross_stance_convergence": {
      "hypothesis": "跨立场交互导致目标群体立场向来源群体靠拢（立场趋同）",
      "republican_to_democrat": {
        "mean": -0.00597341983881092,
        "t": -0.05614415565927732,
        "p": 0.9562337913679024,
        "significant": false,
        "direction": "negative",
        "interpretation": "共和党→民主党交互增加 → 民主党立场向共和党靠拢(预期正相关)"
      },
      "democrat_to_republican": {
        "mean": -0.05358096763880471,
        "t": -0.9089410246655134,
        "p": 0.38286433072263504,
        "significant": false,
        "direction": "negative",
        "interpretation": "民主党→共和党交互增加 → 共和党立场向民主党靠拢(预期负相关)"
      },
      "supported": false
    },
    "H2_echo_chamber": {
      "hypothesis": "同立场交互强化回音室（立场更极端）",
      "same_republican": {
        "mean": -0.0013844840937193685,
        "t": -0.02900362022785934,
        "p": 0.9779837673951803,
        "significant": false,
        "direction": "negative",
        "interpretation": "同立场（共和）交互增加 → P(共和党)升高（更极端，预期正相关）"
      },
      "same_democrat": {
        "mean": 0.08759281308459778,
        "t": 1.4083181046168265,
        "p": 0.18666790296121963,
        "significant": false,
        "direction": "positive",
        "interpretation": "同立场（民主）交互增加 → P(共和党)降低（更极端，预期负相关）"
      },
      "supported": false
    }
  },
  "pairwise_correlations": {
    "group0_to_group1": {
      "source_group": 0,
      "target_group": 1,
      "pearson_r": 0.22746422321066567,
      "pearson_p": 0.5273773117496685,
      "spearman_r": 0.27609440361293197,
      "spearman_p": 0.44001452222946114,
      "mean_interaction": 11.7,
      "std_interaction": 10.545615202537972,
      "significant_pearson": false,
      "significant_spearman": false
    },
    "group0_to_group2": {
      "source_group": 0,
      "target_group": 2,
      "pearson_r": 0.34885235764402545,
      "pearson_p": 0.32317022898538816,
      "spearman_r": 0.29268836799317,
      "spearman_p": 0.4118309545085689,
      "mean_interaction": 53.6,
      "std_interaction": 70.60623201956042,
      "significant_pearson": false,
      "significant_spearman": false
    },
    "group0_to_group3": {
      "source_group": 0,
      "target_group": 3,
      "pearson_r": -0.038046304856209565,
      "pearson_p": 0.916894075363082,
      "spearman_r": -0.13939393939393938,
      "spearman_p": 0.7009318849100584,
      "mean_interaction": 240.9,
      "std_interaction": 136.20752548959987,
      "significant_pearson": false,
      "significant_spearman": false
    },
    "group0_to_group4": {
      "source_group": 0,
      "target_group": 4,
      "pearson_r": 0.03025935912431732,
      "pearson_p": 0.9338682262475769,
      "spearman_r": 0.18787878787878787,
      "spearman_p": 0.603217610029209,
      "mean_interaction": 94.9,
      "std_interaction": 62.20683242217048,
      "significant_pearson": false,
      "significant_spearman": false
    },
    "group0_to_group5": {
      "source_group": 0,
      "target_group": 5,
      "pearson_r": -0.11102761493041989,
      "pearson_p": 0.7600989396362694,
      "spearman_r": -0.11078234188139946,
      "spearman_p": 0.7606159189428958,
      "mean_interaction": 7.9,
      "std_interaction": 9.994498486667553,
      "significant_pearson": false,
      "significant_spearman": false
    },
    "group0_to_group6": {
      "source_group": 0,
      "target_group": 6,
      "pearson_r": 0.10937965182722684,
      "pearson_p": 0.7635741018292965,
      "spearman_r": -0.3039527718400323,
      "spearman_p": 0.3932011151432977,
      "mean_interaction": 32.7,
      "std_interaction": 40.365950998335215,
      "significant_pearson": false,
      "significant_spearman": false
    },
    "group1_to_group0": {
      "source_group": 1,
      "target_group": 0,
      "pearson_r": 0.07054253997933346,
      "pearson_p": 0.8464537978892663,
      "spearman_r": -0.06666666666666665,
      "spearman_p": 0.8548130882487426,
      "mean_interaction": 27.4,
      "std_interaction": 24.038302768706448,
      "significant_pearson": false,
      "significant_spearman": false
    },
    "group1_to_group2": {
      "source_group": 1,
      "target_group": 2,
      "pearson_r": -0.18502287496059272,
      "pearson_p": 0.6088357543212769,
      "spearman_r": 0.1533857797849622,
      "spearman_p": 0.67225190847117,
      "mean_interaction": 138.1,
      "std_interaction": 111.32066295167309,
      "significant_pearson": false,
      "significant_spearman": false
    },
    "group1_to_group3": {
      "source_group": 1,
      "target_group": 3,
      "pearson_r": -0.20003027926789993,
      "pearson_p": 0.5795253998251265,
      "spearman_r": -0.09118583155200968,
      "spearman_p": 0.8021812915092663,
      "mean_interaction": 97.1,
      "std_interaction": 71.25510508026775,
      "significant_pearson": false,
      "significant_spearman": false
    },
    "group1_to_group4": {
      "source_group": 1,
      "target_group": 4,
      "pearson_r": -0.3781188608931374,
      "pearson_p": 0.28132428636202356,
      "spearman_r": -0.3865321650581048,
      "spearman_p": 0.26986858257602425,
      "mean_interaction": 9.8,
      "std_interaction": 13.377593206552515,
      "significant_pearson": false,
      "significant_spearman": false
    },
    "group1_to_group5": {
      "source_group": 1,
      "target_group": 5,
      "pearson_r": -0.12474429990714984,
      "pearson_p": 0.7313286398131,
      "spearman_r": 0.0790277206784084,
      "spearman_p": 0.8282024798594116,
      "mean_interaction": 8.8,
      "std_interaction": 11.76265276202609,
      "significant_pearson": false,
      "significant_spearman": false
    },
    "group1_to_group6": {
      "source_group": 1,
      "target_group": 6,
      "pearson_r": -0.15216557397841843,
      "pearson_p": 0.6747385355530675,
      "spearman_r": -0.11515151515151514,
      "spearman_p": 0.7514196523258483,
      "mean_interaction": 87.3,
      "std_interaction": 42.36283748759046,
      "significant_pearson": false,
      "significant_spearman": false
    },
    "group2_to_group0": {
      "source_group": 2,
      "target_group": 0,
      "pearson_r": 0.05938318137542355,
      "pearson_p": 0.8705563993026687,
      "spearman_r": -0.06748974310538336,
      "spearman_p": 0.8530368033430833,
      "mean_interaction": 18.3,
      "std_interaction": 22.77301034119117,
      "significant_pearson": false,
      "significant_spearman": false
    },
    "group2_to_group1": {
      "source_group": 2,
      "target_group": 1,
      "pearson_r": 0.18726790046624742,
      "pearson_p": 0.6044177807237481,
      "spearman_r": 0.09118583155200968,
      "spearman_p": 0.8021812915092663,
      "mean_interaction": 48.9,
      "std_interaction": 69.20469637242836,
      "significant_pearson": false,
      "significant_spearman": false
    },
    "group2_to_group3": {
      "source_group": 2,
      "target_group": 3,
      "pearson_r": -0.07909923284747995,
      "pearson_p": 0.8280489622911942,
      "spearman_r": -0.47049924500615053,
      "spearman_p": 0.16995347859444299,
      "mean_interaction": 4.1,
      "std_interaction": 6.007495318350236,
      "significant_pearson": false,
      "significant_spearman": false
    },
    "group2_to_group4": {
      "source_group": 2,
      "target_group": 4,
      "pearson_r": -0.15103136736034126,