{
  "E1": {
    "description": "M0(81d静态) vs M1(64d嵌入)",
    "M0": {
      "auc": 1.0,
      "f1": 1.0,
      "acc": 1.0,
      "loss": 0.2625975012779236
    },
    "M1": {
      "auc": 1.0,
      "f1": 0.9519450800915332,
      "acc": 0.9523809523809523,
      "loss": 0.08442946523427963
    }
  },
  "E2": {
    "description": "M1(64d嵌入) vs M2(74d核心)",
    "M1": {
      "auc": 1.0,
      "f1": 0.9519450800915332,
      "acc": 0.9523809523809523,
      "loss": 0.08442946523427963
    },
    "M2": {
      "auc": 0.9722222222222222,
      "f1": 0.9505882352941176,
      "acc": 0.9523809523809523,
      "loss": 0.4106239676475525
    }
  },
  "E3": {
    "description": "M2(74d核心) vs M3(155d完整)",
    "M2": {
      "auc": 0.9722222222222222,
      "f1": 0.9505882352941176,
      "acc": 0.9523809523809523,
      "loss": 0.4106239676475525
    },
    "M3": {
      "auc": 0.9907407407407407,
      "f1": 0.9505882352941176,
      "acc": 0.9523809523809523,
      "loss": 0.17108477652072906
    }
  },
  "E4": {
    "description": "M2无交互(67d) vs M2(74d)",
    "M2_nointer": {
      "auc": 0.8888888888888888,
      "f1": 0.8090909090909091,
      "acc": 0.8095238095238095,
      "loss": 0.3988216519355774
    },
    "M2": {
      "auc": 0.9722222222222222,
      "f1": 0.9505882352941176,
      "acc": 0.9523809523809523,
      "loss": 0.4106239676475525
    }
  },
  "E5": {
    "description": "M2无时序(71d) vs M2(74d)",
    "M2_notemporal": {
      "auc": 0.9259259259259259,
      "f1": 0.8990384615384616,
      "acc": 0.9047619047619048,
      "loss": 1.1430639028549194
    },
    "M2": {
      "auc": 0.9722222222222222,
      "f1": 0.9505882352941176,
      "acc": 0.9523809523809523,
      "loss": 0.4106239676475525
    }
  },
  "E6": {
    "description": "524过滤 vs 877全量",
    "filtered524": {
      "auc": 0.9722222222222222,
      "f1": 0.9505882352941176,
      "acc": 0.9523809523809523,
      "loss": 0.4106239676475525
    },
    "full877": {
      "auc": 0.9537037037037036,
      "f1": 0.9505882352941176,
      "acc": 0.9523809523809523,
      "loss": 1.0682350397109985
    }
  }
}