{
  "M0": {
    "train": {
      "auc": 1.0,
      "f1": 1.0,
      "acc": 1.0,
      "loss": 0.2624003285453433
    },
    "val": {
      "auc": 1.0,
      "f1": 1.0,
      "acc": 1.0,
      "loss": 0.2625975012779236
    },
    "test": {
      "auc": 1.0,
      "f1": 1.0,
      "acc": 1.0,
      "loss": 0.2625975012779236
    }
  },
  "M1": {
    "train": {
      "auc": 1.0,
      "f1": 1.0,
      "acc": 1.0,
      "loss": 0.001672351939071502
    },
    "val": {
      "auc": 1.0,
      "f1": 1.0,
      "acc": 1.0,
      "loss": 0.08320795744657516
    },
    "test": {
      "auc": 1.0,
      "f1": 0.9519450800915332,
      "acc": 0.9523809523809523,
      "loss": 0.07676662504673004
    }
  },
  "M2": {
    "train": {
      "auc": 1.0,
      "f1": 1.0,
      "acc": 1.0,
      "loss": 0.022521081212021055
    },
    "val": {
      "auc": 1.0,
      "f1": 1.0,
      "acc": 1.0,
      "loss": 0.04531904682517052
    },
    "test": {
      "auc": 0.9537037037037036,
      "f1": 0.8990384615384616,
      "acc": 0.9047619047619048,
      "loss": 1.2220520973205566
    }
  },
  "M3": {
    "train": {
      "auc": 1.0,
      "f1": 1.0,
      "acc": 1.0,
      "loss": 0.21206469791276114
    },
    "val": {
      "auc": 1.0,
      "f1": 1.0,
      "acc": 1.0,
      "loss": 0.1499973088502884
    },
    "test": {
      "auc": 0.9907407407407407,
      "f1": 0.9505882352941176,
      "acc": 0.9523809523809523,
      "loss": 0.17108477652072906
    }
  }
}